अ	अंग	member	hindi_irv_dict/member.md
अ	अंगूर	grape	hindi_irv_dict/grape.md
अ	अंजीर	fig	hindi_irv_dict/fig.md
अ	अंधियारा	darkness	hindi_irv_dict/darkness.md
अ	अकाल	famine	hindi_irv_dict/famine.md
अ	अक्विला	aquila	hindi_irv_dict/aquila.md
अ	अच्छा	good	hindi_irv_dict/good.md
अ	अजर्याह	azariah	hindi_irv_dict/azariah.md
अ	अतल्याह	athaliah	hindi_irv_dict/athaliah.md
अ	अत्याचार करने	oppress	hindi_irv_dict/oppress.md
अ	अथाह कुण्ड	abyss	hindi_irv_dict/abyss.md
अ	अदन	eden	hindi_irv_dict/eden.md
अ	अदोनिय्याह	adonijah	hindi_irv_dict/adonijah.md
अ	अधर्म	iniquity	hindi_irv_dict/iniquity.md
अ	अधर्मी साक्षी	falsewitness	hindi_irv_dict/falsewitness.md
अ	अधर्मी	lawless	hindi_irv_dict/lawless.md
अ	अधर्मी	unrighteous	hindi_irv_dict/unrighteous.md
अ	अधर्मी	unjust	hindi_irv_dict/unjust.md
अ	अधिकार में लेना	possess	hindi_irv_dict/possess.md
अ	अधिकारी होना	inherit	hindi_irv_dict/inherit.md
अ	अधिकारी	authority	hindi_irv_dict/authority.md
अ	अधीन होना	submit	hindi_irv_dict/submit.md
अ	अधीन	subject	hindi_irv_dict/subject.md
अ	अधोलोक	hades	hindi_irv_dict/hades.md
अ	अनमोल	precious	hindi_irv_dict/precious.md
अ	अनार	pomegranate	hindi_irv_dict/pomegranate.md
अ	अनुकरण करना	imitate	hindi_irv_dict/imitate.md
अ	अनुग्रह	grace	hindi_irv_dict/grace.md
अ	अनुग्रह	favor	hindi_irv_dict/favor.md
अ	अन्ताकिया	antioch	hindi_irv_dict/antioch.md
अ	अन्द्रियास	andrew	hindi_irv_dict/andrew.md
अ	अन्न	grain	hindi_irv_dict/grain.md
अ	अन्नबलि	mealoffering	hindi_irv_dict/mealoffering.md
अ	अन्नबलि	grainoffering	hindi_irv_dict/grainoffering.md
अ	अन्यजाति	pagan	hindi_irv_dict/pagan.md
अ	अन्यजाति	gentile	hindi_irv_dict/gentile.md
अ	अपमान	disgrace	hindi_irv_dict/disgrace.md
अ	अपराध	trespass	hindi_irv_dict/trespass.md
अ	अपवित्र	unholy	hindi_irv_dict/unholy.md
अ	अप्पुल्लोस	apollos	hindi_irv_dict/apollos.md
अ	अबशालोम	absalom	hindi_irv_dict/absalom.md
अ	अबिय्याह	abijah	hindi_irv_dict/abijah.md
अ	अबीमेलेक	abimelech	hindi_irv_dict/abimelech.md
अ	अब्नेर	abner	hindi_irv_dict/abner.md
अ	अब्राहम	abraham	hindi_irv_dict/abraham.md
अ	अभक्त	ungodly	hindi_irv_dict/ungodly.md
अ	अभिषेक करना	anoint	hindi_irv_dict/anoint.md
अ	अमस्याह	amaziah	hindi_irv_dict/amaziah.md
अ	अमालेक	amalekite	hindi_irv_dict/amalekite.md
अ	अमोरा	gomorrah	hindi_irv_dict/gomorrah.md
अ	अम्नोन	amnon	hindi_irv_dict/amnon.md
अ	अम्मोन	ammon	hindi_irv_dict/ammon.md
अ	अय्यूब	job	hindi_irv_dict/job.md
अ	अरब	arabia	hindi_irv_dict/arabia.md
अ	अराबा	arabah	hindi_irv_dict/arabah.md
अ	अराम	aram	hindi_irv_dict/aram.md
अ	अरारात	ararat	hindi_irv_dict/ararat.md
अ	अर्घ	drinkoffering	hindi_irv_dict/drinkoffering.md
अ	अर्तक्षत्र	artaxerxes	hindi_irv_dict/artaxerxes.md
अ	अवज्ञा	disobey	hindi_irv_dict/disobey.md
अ	अविश्वासी	unbeliever	hindi_irv_dict/unbeliever.md
अ	अशुद्ध	unclean	hindi_irv_dict/unclean.md
अ	अशुद्ध करना	profane	hindi_irv_dict/profane.md
अ	अशुद्ध करना	desecrate	hindi_irv_dict/desecrate.md
अ	अशुद्ध	defile	hindi_irv_dict/defile.md
अ	अशेर	asher	hindi_irv_dict/asher.md
अ	अशेरा	asherim	hindi_irv_dict/asherim.md
अ	अश्कलोन	ashkelon	hindi_irv_dict/ashkelon.md
अ	अश्दोद	ashdod	hindi_irv_dict/ashdod.md
अ	अश्शूर	assyria	hindi_irv_dict/assyria.md
अ	अहंकारी	arrogant	hindi_irv_dict/arrogant.md
अ	अहज्याह	ahaziah	hindi_irv_dict/ahaziah.md
अ	अहाज	ahaz	hindi_irv_dict/ahaz.md
अ	अहिय्याह	ahijah	hindi_irv_dict/ahijah.md
अ	अख़मीरी रोटी	unleavenedbread	hindi_irv_dict/unleavenedbread.md
आ	आ पड़े	overtake	hindi_irv_dict/overtake.md
आ	आँगन	courtyard	hindi_irv_dict/courtyard.md
आ	आंशिक	partial	hindi_irv_dict/partial.md
आ	आई	ai	hindi_irv_dict/ai.md
आ	आखरी दिन	lastday	hindi_irv_dict/lastday.md
आ	आग	fire	hindi_irv_dict/fire.md
आ	आज्ञा मानना	obey	hindi_irv_dict/obey.md
आ	आज्ञा	command	hindi_irv_dict/command.md
आ	आज्ञा	decree	hindi_irv_dict/decree.md
आ	आत्मा	spirit	hindi_irv_dict/spirit.md
आ	आदम	adam	hindi_irv_dict/adam.md
आ	आदर	honor	hindi_irv_dict/honor.md
आ	आनन्द	rejoice	hindi_irv_dict/rejoice.md
आ	आनन्द	joy	hindi_irv_dict/joy.md
आ	आनन्द	delight	hindi_irv_dict/delight.md
आ	आमीन	amen	hindi_irv_dict/amen.md
आ	आमोस	amos	hindi_irv_dict/amos.md
आ	आमोस	amoz	hindi_irv_dict/amoz.md
आ	आयु	age	hindi_irv_dict/age.md
आ	आराधनालय	synagogue	hindi_irv_dict/synagogue.md
आ	आशा	hope	hindi_irv_dict/hope.md
आ	आशीष	bless	hindi_irv_dict/bless.md
आ	आसा	asa	hindi_irv_dict/asa.md
आ	आसाप	asaph	hindi_irv_dict/asaph.md
आ	आसिया	asia	hindi_irv_dict/asia.md
आ	आहाब	ahab	hindi_irv_dict/ahab.md
आ	आहेर	prey	hindi_irv_dict/prey.md
इ	इकुनियुम	iconium	hindi_irv_dict/iconium.md
इ	इतिहास	chronicles	hindi_irv_dict/chronicles.md
इ	इफिसुस	ephesus	hindi_irv_dict/ephesus.md
इ	इब्रानी	hebrew	hindi_irv_dict/hebrew.md
इ	इश्माएल	ishmael	hindi_irv_dict/ishmael.md
इ	इसहाक	isaac	hindi_irv_dict/isaac.md
इ	इस्राएल के बारह गोत्र	12tribesofisrael	hindi_irv_dict/12tribesofisrael.md
इ	इस्राएल के राज्य	kingdomofisrael	hindi_irv_dict/kingdomofisrael.md
इ	इस्राएल	israel	hindi_irv_dict/israel.md
इ	इस्राएल	jacob	hindi_irv_dict/jacob.md
इ	इस्साकार	issachar	hindi_irv_dict/issachar.md
ई	ईजेबेल	jezebel	hindi_irv_dict/jezebel.md
ई	ईश्वरीय	divine	hindi_irv_dict/divine.md
उ	उकाब	eagle	hindi_irv_dict/eagle.md
उ	उचित नहीं	unlawful	hindi_irv_dict/unlawful.md
उ	उचित	lawful	hindi_irv_dict/lawful.md
उ	उजड़	desolate	hindi_irv_dict/desolate.md
उ	उजाड़	barren	hindi_irv_dict/barren.md
उ	उजियाला	light	hindi_irv_dict/light.md
उ	उज्जियाह	uzziah	hindi_irv_dict/uzziah.md
उ	उठा लिया	caughtup	hindi_irv_dict/caughtup.md
उ	उतरेगा	descendant	hindi_irv_dict/descendant.md
उ	उत्तराधिकारी	heir	hindi_irv_dict/heir.md
उ	उत्पन्न	creation	hindi_irv_dict/creation.md
उ	उद्धार	salvation	hindi_irv_dict/salvation.md
उ	उद्धारकर्ता	savior	hindi_irv_dict/savior.md
उ	उपज	harvest	hindi_irv_dict/harvest.md
उ	उपवास	fast	hindi_irv_dict/fast.md
उ	उपासना	worship	hindi_irv_dict/worship.md
ऊ	ऊँचा	exalt	hindi_irv_dict/exalt.md
ऊ	ऊँचे स्थान पर	onhigh	hindi_irv_dict/onhigh.md
ऊ	ऊँचे स्थान	highplaces	hindi_irv_dict/highplaces.md
ऊ	ऊँट	camel	hindi_irv_dict/camel.md
ऊ	ऊर	ur	hindi_irv_dict/ur.md
ऊ	ऊरिय्याह	uriah	hindi_irv_dict/uriah.md
ए	एक्रोन	ekron	hindi_irv_dict/ekron.md
ए	एज्रा	ezra	hindi_irv_dict/ezra.md
ए	एदोम	edom	hindi_irv_dict/edom.md
ए	एनगदी	engedi	hindi_irv_dict/engedi.md
ए	एपोद	ephod	hindi_irv_dict/ephod.md
ए	एप्रात	ephrathah	hindi_irv_dict/ephrathah.md
ए	एप्रैम	ephraim	hindi_irv_dict/ephraim.md
ए	एब्यातार	abiathar	hindi_irv_dict/abiathar.md
ए	एमोरी	amorite	hindi_irv_dict/amorite.md
ए	एलयाकीम	eliakim	hindi_irv_dict/eliakim.md
ए	एलाम	elam	hindi_irv_dict/elam.md
ए	एलिय्याह	elijah	hindi_irv_dict/elijah.md
ए	एलीआजार	eleazar	hindi_irv_dict/eleazar.md
ए	एलीशा	elisha	hindi_irv_dict/elisha.md
ए	एलीशिबा	elizabeth	hindi_irv_dict/elizabeth.md
ए	एसाव	esau	hindi_irv_dict/esau.md
ए	एस्तेर	esther	hindi_irv_dict/esther.md
ओ	ओबद्याह	obadiah	hindi_irv_dict/obadiah.md
ओ	ओम्री	omri	hindi_irv_dict/omri.md
ओ	ओलों	hail	hindi_irv_dict/hail.md
क	कटीले	thorn	hindi_irv_dict/thorn.md
क	कठिन	hard	hindi_irv_dict/hard.md
क	कनान	canaan	hindi_irv_dict/canaan.md
क	कपटी	hypocrite	hindi_irv_dict/hypocrite.md
क	कफरनहूम	capernaum	hindi_irv_dict/capernaum.md
क	कब्र	tomb	hindi_irv_dict/tomb.md
क	कमर	loins	hindi_irv_dict/loins.md
क	कर	tribute	hindi_irv_dict/tribute.md
क	कर	tax	hindi_irv_dict/tax.md
क	करना	commit	hindi_irv_dict/commit.md
क	कराहते	groan	hindi_irv_dict/groan.md
क	करुणा	covenantfaith	hindi_irv_dict/covenantfaith.md
क	करूब	cherubim	hindi_irv_dict/cherubim.md
क	करेतियों	cherethites	hindi_irv_dict/cherethites.md
क	कर्मेल	carmel	hindi_irv_dict/carmel.md
क	कलह	strife	hindi_irv_dict/strife.md
क	कलीसिया	church	hindi_irv_dict/church.md
क	कसदी	chaldeans	hindi_irv_dict/chaldeans.md
क	कांपना	tremble	hindi_irv_dict/tremble.md
क	कादेश	kadesh	hindi_irv_dict/kadesh.md
क	काना	cana	hindi_irv_dict/cana.md
क	कानाफूसी	gossip	hindi_irv_dict/gossip.md
क	काम	works	hindi_irv_dict/works.md
क	कालेब	caleb	hindi_irv_dict/caleb.md
क	किद्रोन नाले	kidronvalley	hindi_irv_dict/kidronvalley.md
क	किलिकिया	cilicia	hindi_irv_dict/cilicia.md
क	कीर्ति	renown	hindi_irv_dict/renown.md
क	कुँवारी	virgin	hindi_irv_dict/virgin.md
क	कुकर्मी	evildoer	hindi_irv_dict/evildoer.md
क	कुटुम्ब	household	hindi_irv_dict/household.md
क	कुटुम्बी	kin	hindi_irv_dict/kin.md
क	कुरनेलियुस	cornelius	hindi_irv_dict/cornelius.md
क	कुरिन्थुस	corinth	hindi_irv_dict/corinth.md
क	कुरेनी	cyrene	hindi_irv_dict/cyrene.md
क	कुर्ता	tunic	hindi_irv_dict/tunic.md
क	कुल	clan	hindi_irv_dict/clan.md
क	कुलपति	patriarchs	hindi_irv_dict/patriarchs.md
क	कुलुस्से	colossae	hindi_irv_dict/colossae.md
क	कुल्हाड़ा	ax	hindi_irv_dict/ax.md
क	कुस्रू	cyrus	hindi_irv_dict/cyrus.md
क	कूश	cush	hindi_irv_dict/cush.md
क	कूश	ethiopia	hindi_irv_dict/ethiopia.md
क	के समान	like	hindi_irv_dict/like.md
क	के साथ संबंध थे	sex	hindi_irv_dict/sex.md
क	केदार	kedar	hindi_irv_dict/kedar.md
क	केदेश	kedesh	hindi_irv_dict/kedesh.md
क	कैन	cain	hindi_irv_dict/cain.md
क	कैफा	caiaphas	hindi_irv_dict/caiaphas.md
क	कैसर	caesar	hindi_irv_dict/caesar.md
क	कैसरिया	caesarea	hindi_irv_dict/caesarea.md
क	कोढ़ी	leprosy	hindi_irv_dict/leprosy.md
क	कोने का पत्थर	cornerstone	hindi_irv_dict/cornerstone.md
क	कोरह	korah	hindi_irv_dict/korah.md
क	क्रूस	cross	hindi_irv_dict/cross.md
क	क्रूस पर चढ़ा	crucify	hindi_irv_dict/crucify.md
क	क्रेते	crete	hindi_irv_dict/crete.md
क	क्रोध	angry	hindi_irv_dict/angry.md
क	क्रोध	rage	hindi_irv_dict/rage.md
क	क्रोध	wrath	hindi_irv_dict/wrath.md
क	क्लेश	tribulation	hindi_irv_dict/tribulation.md
क	क्षमा कर	pardon	hindi_irv_dict/pardon.md
क	क्षमा कर	forgive	hindi_irv_dict/forgive.md
क	क्षयर्ष	ahasuerus	hindi_irv_dict/ahasuerus.md
ख	खजूर	palm	hindi_irv_dict/palm.md
ख	खतना करना	circumcise	hindi_irv_dict/circumcise.md
ख	खतनारहित	uncircumcised	hindi_irv_dict/uncircumcised.md
ख	खराई	integrity	hindi_irv_dict/integrity.md
ख	ख़मीर	yeast	hindi_irv_dict/yeast.md
ख	खारा ताल	saltsea	hindi_irv_dict/saltsea.md
ख	खुर	hooves	hindi_irv_dict/hooves.md
ख	खोजे	eunuch	hindi_irv_dict/eunuch.md
ख	खोपड़ी	skull	hindi_irv_dict/skull.md
ख	खड़ा करना	raise	hindi_irv_dict/raise.md
ग	गड्ढा	pit	hindi_irv_dict/pit.md
ग	गड्ढे	well	hindi_irv_dict/well.md
ग	गत	gath	hindi_irv_dict/gath.md
ग	गतसमनी	gethsemane	hindi_irv_dict/gethsemane.md
ग	गदहा	donkey	hindi_irv_dict/donkey.md
ग	गन्धक	sulfur	hindi_irv_dict/sulfur.md
ग	गन्धरस	myrrh	hindi_irv_dict/myrrh.md
ग	गरार	gerar	hindi_irv_dict/gerar.md
ग	गर्भ	womb	hindi_irv_dict/womb.md
ग	गर्भ धारण	conceive	hindi_irv_dict/conceive.md
ग	गलत	wrong	hindi_irv_dict/wrong.md
ग	गलातिया	galatia	hindi_irv_dict/galatia.md
ग	गलील सागर	seaofgalilee	hindi_irv_dict/seaofgalilee.md
ग	गलील	galilee	hindi_irv_dict/galilee.md
ग	गवाही	testimony	hindi_irv_dict/testimony.md
ग	गशूर	geshur	hindi_irv_dict/geshur.md
ग	गाद	gad	hindi_irv_dict/gad.md
ग	गाय	cow	hindi_irv_dict/cow.md
ग	गाज़ा	gaza	hindi_irv_dict/gaza.md
ग	गिड़गिड़ाना	plead	hindi_irv_dict/plead.md
ग	गिदोन	gideon	hindi_irv_dict/gideon.md
ग	गिबा	gibeah	hindi_irv_dict/gibeah.md
ग	गिबोन	gibeon	hindi_irv_dict/gibeon.md
ग	गिर्गाशियों	girgashites	hindi_irv_dict/girgashites.md
ग	गिलगाल	gilgal	hindi_irv_dict/gilgal.md
ग	गिलाद	gilead	hindi_irv_dict/gilead.md
ग	गुम्मट	watchtower	hindi_irv_dict/watchtower.md
ग	गुरु	teacher	hindi_irv_dict/teacher.md
ग	गुलगुता	golgotha	hindi_irv_dict/golgotha.md
ग	गेहूँ	wheat	hindi_irv_dict/wheat.md
ग	गोत्र	tribe	hindi_irv_dict/tribe.md
ग	गोबर	dung	hindi_irv_dict/dung.md
ग	गोलियत	goliath	hindi_irv_dict/goliath.md
ग	गोशेन	goshen	hindi_irv_dict/goshen.md
ग	ग्रहण करना	receive	hindi_irv_dict/receive.md
ग	गढ़	stronghold	hindi_irv_dict/stronghold.md
घ	घड़ी	hour	hindi_irv_dict/hour.md
घ	घमण्ड	haughty	hindi_irv_dict/haughty.md
घ	घमण्ड	boast	hindi_irv_dict/boast.md
घ	घमण्ड	proud	hindi_irv_dict/proud.md
घ	घर	house	hindi_irv_dict/house.md
घ	घात करना	slain	hindi_irv_dict/slain.md
घ	घूस	bribe	hindi_irv_dict/bribe.md
घ	घृणा	abomination	hindi_irv_dict/abomination.md
घ	घृणा	detestable	hindi_irv_dict/detestable.md
घ	घेर	siege	hindi_irv_dict/siege.md
घ	घोड़ा	horse	hindi_irv_dict/horse.md
च	चंगा	heal	hindi_irv_dict/heal.md
च	चकित	amazed	hindi_irv_dict/amazed.md
च	चमत्कार	miracle	hindi_irv_dict/miracle.md
च	चरवाहे	shepherd	hindi_irv_dict/shepherd.md
च	चले	walk	hindi_irv_dict/walk.md
च	चाँदी	silver	hindi_irv_dict/silver.md
च	चिट्ठियाँ	lots	hindi_irv_dict/lots.md
च	चिताना	admonish	hindi_irv_dict/admonish.md
च	चिन्ह	sign	hindi_irv_dict/sign.md
च	चीता	leopard	hindi_irv_dict/leopard.md
च	चुंगी लेनेवाला	taxcollector	hindi_irv_dict/taxcollector.md
च	चुना हुआ	elect	hindi_irv_dict/elect.md
च	चुम्बन	kiss	hindi_irv_dict/kiss.md
च	चेला	disciple	hindi_irv_dict/disciple.md
च	चोगा	robe	hindi_irv_dict/robe.md
च	चोर	thief	hindi_irv_dict/thief.md
च	चौकस	watch	hindi_irv_dict/watch.md
च	चौखट	doorpost	hindi_irv_dict/doorpost.md
च	चौथाई देश के राजा	tetrarch	hindi_irv_dict/tetrarch.md
छ	छाया	shadow	hindi_irv_dict/shadow.md
छ	छितरा	disperse	hindi_irv_dict/disperse.md
छ	छुटकारे के लिये	ransom	hindi_irv_dict/ransom.md
छ	छुड़ा ले	redeem	hindi_irv_dict/redeem.md
छ	छुड़ाना	deliverer	hindi_irv_dict/deliverer.md
छ	छेदना	pierce	hindi_irv_dict/pierce.md
छ	छोड़ना	forsaken	hindi_irv_dict/forsaken.md
ज	जंगल	desert	hindi_irv_dict/desert.md
ज	जकर्याह (नया नियम)	zechariahnt	hindi_irv_dict/zechariahnt.md
ज	जकर्याह (पुराना नियम)	zechariahot	hindi_irv_dict/zechariahot.md
ज	जक्कई	zacchaeus	hindi_irv_dict/zacchaeus.md
ज	जबूलून	zebulun	hindi_irv_dict/zebulun.md
ज	जब्दी	zebedee	hindi_irv_dict/zebedee.md
ज	जरुब्बाबेल	zerubbabel	hindi_irv_dict/zerubbabel.md
ज	जल-प्रलय	flood	hindi_irv_dict/flood.md
ज	जलन	jealous	hindi_irv_dict/jealous.md
ज	जहाज़	ark	hindi_irv_dict/ark.md
ज	जाति	nation	hindi_irv_dict/nation.md
ज	जाति	peoplegroup	hindi_irv_dict/peoplegroup.md
ज	जादू	magic	hindi_irv_dict/magic.md
ज	जादूगर	sorcery	hindi_irv_dict/sorcery.md
ज	जानना	know	hindi_irv_dict/know.md
ज	जिब्राईल	gabriel	hindi_irv_dict/gabriel.md
ज	जी उठने	resurrection	hindi_irv_dict/resurrection.md
ज	जीभ	tongue	hindi_irv_dict/tongue.md
ज	जीवन की पुस्तक	bookoflife	hindi_irv_dict/bookoflife.md
ज	जीवन	life	hindi_irv_dict/life.md
ज	जूआ	yoke	hindi_irv_dict/yoke.md
ज	जूता	sandal	hindi_irv_dict/sandal.md
ज	जैतून	olive	hindi_irv_dict/olive.md
ज	जैतून के पहाड़	mountofolives	hindi_irv_dict/mountofolives.md
ज	जौ	barley	hindi_irv_dict/barley.md
ज	ज्यों का त्यों करना	restore	hindi_irv_dict/restore.md
ज	ज्योतिषी	learnedmen	hindi_irv_dict/learnedmen.md
झ	झाड़ना	sweep	hindi_irv_dict/sweep.md
झ	झिलम	breastplate	hindi_irv_dict/breastplate.md
झ	झिड़कना	rebuke	hindi_irv_dict/rebuke.md
झ	झूठा भविष्यद्वक्ता	falseprophet	hindi_irv_dict/falseprophet.md
ट	टाट	sackcloth	hindi_irv_dict/sackcloth.md
ट	टालना	transgression	hindi_irv_dict/transgression.md
ट	टिड्डी	locust	hindi_irv_dict/locust.md
ट	टेढ़ी	perverse	hindi_irv_dict/perverse.md
ट	टोकरी	basket	hindi_irv_dict/basket.md
ठ	ठहराए	appoint	hindi_irv_dict/appoint.md
ठ	ठहराया	destiny	hindi_irv_dict/destiny.md
ठ	ठोकर	stumblingblock	hindi_irv_dict/stumblingblock.md
ठ	ठोकर	stumble	hindi_irv_dict/stumble.md
ड	डर	terror	hindi_irv_dict/terror.md
ड	डर	fear	hindi_irv_dict/fear.md
ड	डाह	envy	hindi_irv_dict/envy.md
ड	डेवढ़ी	threshold	hindi_irv_dict/threshold.md
ढ	ढाल	shield	hindi_irv_dict/shield.md
ढ	ढालना	mold	hindi_irv_dict/mold.md
ढ	ढूँढ़े	seek	hindi_irv_dict/seek.md
त	तम्बू	tent	hindi_irv_dict/tent.md
त	तरस	compassion	hindi_irv_dict/compassion.md
त	तरसुस	tarsus	hindi_irv_dict/tarsus.md
त	तर्शीश	tarshish	hindi_irv_dict/tarshish.md
त	तलवार	sword	hindi_irv_dict/sword.md
त	ताड़ना	discipline	hindi_irv_dict/discipline.md
त	तामार	tamar	hindi_irv_dict/tamar.md
त	तिर्सा	tirzah	hindi_irv_dict/tirzah.md
त	तीतुस	titus	hindi_irv_dict/titus.md
त	तीमुथियुस	timothy	hindi_irv_dict/timothy.md
त	तुखिकुस	tychicus	hindi_irv_dict/tychicus.md
त	तुच्छ जाने	contempt	hindi_irv_dict/contempt.md
त	तुरही	trumpet	hindi_irv_dict/trumpet.md
त	तूबल	tubal	hindi_irv_dict/tubal.md
त	तेरह	terah	hindi_irv_dict/terah.md
त	तेल	oil	hindi_irv_dict/oil.md
त	त्यागना	divorce	hindi_irv_dict/divorce.md
त	त्रोआस	troas	hindi_irv_dict/troas.md
थ	थिस्सलुनीके	thessalonica	hindi_irv_dict/thessalonica.md
थ	थोमा	thomas	hindi_irv_dict/thomas.md
द	दक्षिण देश	negev	hindi_irv_dict/negev.md
द	दण्ड	doom	hindi_irv_dict/doom.md
द	दण्ड के दिन	judgmentday	hindi_irv_dict/judgmentday.md
द	दण्ड देना	punish	hindi_irv_dict/punish.md
द	दण्डवत् करना	prostrate	hindi_irv_dict/prostrate.md
द	दण्डवत्	bow	hindi_irv_dict/bow.md
द	दमिश्क	damascus	hindi_irv_dict/damascus.md
द	दया	mercy	hindi_irv_dict/mercy.md
द	दर्शन	vision	hindi_irv_dict/vision.md
द	दलीला	delilah	hindi_irv_dict/delilah.md
द	दशमांश	tenth	hindi_irv_dict/tenth.md
द	दस आज्ञाएँ	tencommandments	hindi_irv_dict/tencommandments.md
द	दाँवना	thresh	hindi_irv_dict/thresh.md
द	दाऊद	david	hindi_irv_dict/david.md
द	दाऊद के घराने	houseofdavid	hindi_irv_dict/houseofdavid.md
द	दाऊद के नगर	cityofdavid	hindi_irv_dict/cityofdavid.md
द	दाख की बारी	vineyard	hindi_irv_dict/vineyard.md
द	दाखमधु	strongdrink	hindi_irv_dict/strongdrink.md
द	दाखरस के कुण्ड	winepress	hindi_irv_dict/winepress.md
द	दाखरस	wine	hindi_irv_dict/wine.md
द	दाखलता	vine	hindi_irv_dict/vine.md
द	दान	alms	hindi_irv_dict/alms.md
द	दान	dan	hindi_irv_dict/dan.md
द	दान	gift	hindi_irv_dict/gift.md
द	दानिय्येल	daniel	hindi_irv_dict/daniel.md
द	दारा	darius	hindi_irv_dict/darius.md
द	दाहिना हाथ	righthand	hindi_irv_dict/righthand.md
द	दिन	biblicaltimeday	hindi_irv_dict/biblicaltimeday.md
द	दीन	lowly	hindi_irv_dict/lowly.md
द	दीन	humble	hindi_irv_dict/humble.md
द	दीपक	lamp	hindi_irv_dict/lamp.md
द	दीवट	lampstand	hindi_irv_dict/lampstand.md
द	दुःख उठाए	suffer	hindi_irv_dict/suffer.md
द	दुःख देने	torment	hindi_irv_dict/torment.md
द	दुःख	trouble	hindi_irv_dict/trouble.md
द	दुःखित	afflict	hindi_irv_dict/afflict.md
द	दुल्हन	bride	hindi_irv_dict/bride.md
द	दुल्हा	bridegroom	hindi_irv_dict/bridegroom.md
द	दुष्टात्मा	demon	hindi_irv_dict/demon.md
द	दुष्टात्माएँ थीं	demonpossessed	hindi_irv_dict/demonpossessed.md
द	दूत	messenger	hindi_irv_dict/messenger.md
द	दूत	ambassador	hindi_irv_dict/ambassador.md
द	दृढ़ करने	confirm	hindi_irv_dict/confirm.md
द	दृष्टान्त	parable	hindi_irv_dict/parable.md
द	देखरेख	overseer	hindi_irv_dict/overseer.md
द	देव	falsegod	hindi_irv_dict/falsegod.md
द	देवदारू	cedar	hindi_irv_dict/cedar.md
द	देह	body	hindi_irv_dict/body.md
द	दोष लगाना	accuse	hindi_irv_dict/accuse.md
द	दोष लगाना	condemn	hindi_irv_dict/condemn.md
द	दोष	criminal	hindi_irv_dict/criminal.md
द	दोष	blemish	hindi_irv_dict/blemish.md
द	दोष	guilt	hindi_irv_dict/guilt.md
द	दोषबलि	guiltoffering	hindi_irv_dict/guiltoffering.md
द	दौड़ना	run	hindi_irv_dict/run.md
ध	धक्का देना	push	hindi_irv_dict/push.md
ध	धनुर्धारी	archer	hindi_irv_dict/archer.md
ध	धनुष और तीर	bowweapon	hindi_irv_dict/bowweapon.md
ध	धर्मी ठहराएगा	justify	hindi_irv_dict/justify.md
ध	धर्मी	righteous	hindi_irv_dict/righteous.md
ध	धर्मी	godly	hindi_irv_dict/godly.md
ध	धर्मोपदेश	doctrine	hindi_irv_dict/doctrine.md
ध	धीरज धरना 	perseverance	hindi_irv_dict/perseverance.md
ध	धीरजवन्त	patient	hindi_irv_dict/patient.md
ध	धुन	zealous	hindi_irv_dict/zealous.md
ध	धूप	incense	hindi_irv_dict/incense.md
ध	धूप की वेदी	altarofincense	hindi_irv_dict/altarofincense.md
ध	धूर्त 	shrewd	hindi_irv_dict/shrewd.md
ध	धोखा	deceive	hindi_irv_dict/deceive.md
ध	ध्यान	meditate	hindi_irv_dict/meditate.md
न	नई वाचा	newcovenant	hindi_irv_dict/newcovenant.md
न	नए सिरे से जन्म लेना	bornagain	hindi_irv_dict/bornagain.md
न	नप्ताली	naphtali	hindi_irv_dict/naphtali.md
न	नबूकदनेस्सर	nebuchadnezzar	hindi_irv_dict/nebuchadnezzar.md
न	नम्र	meek	hindi_irv_dict/meek.md
न	नया चाँद	newmoon	hindi_irv_dict/newmoon.md
न	नरक	hell	hindi_irv_dict/hell.md
न	नरकट	reed	hindi_irv_dict/reed.md
न	नष्ट करना	ruin	hindi_irv_dict/ruin.md
न	नहूम	nahum	hindi_irv_dict/nahum.md
न	नहेम्याह	nehemiah	hindi_irv_dict/nehemiah.md
न	नाज़ीर	nazirite	hindi_irv_dict/nazirite.md
न	नातान	nathan	hindi_irv_dict/nathan.md
न	नाम लिखाई	census	hindi_irv_dict/census.md
न	नाम	name	hindi_irv_dict/name.md
न	नामधराई	shame	hindi_irv_dict/shame.md
न	नामान	naaman	hindi_irv_dict/naaman.md
न	नाश किया	cutoff	hindi_irv_dict/cutoff.md
न	नाश हो	perish	hindi_irv_dict/perish.md
न	नाश होगा	devastated	hindi_irv_dict/devastated.md
न	नाश	destroyer	hindi_irv_dict/destroyer.md
न	नासरत	nazareth	hindi_irv_dict/nazareth.md
न	नाहोर	nahor	hindi_irv_dict/nahor.md
न	निकालना	castout	hindi_irv_dict/castout.md
न	निडर	bold	hindi_irv_dict/bold.md
न	निन्दा	reproach	hindi_irv_dict/reproach.md
न	निन्दा	mock	hindi_irv_dict/mock.md
न	निन्दा	blasphemy	hindi_irv_dict/blasphemy.md
न	नियुक्त करना	assign	hindi_irv_dict/assign.md
न	नियुक्त	ordain	hindi_irv_dict/ordain.md
न	निरादर	dishonor	hindi_irv_dict/dishonor.md
न	निर्देश	instruct	hindi_irv_dict/instruct.md
न	निर्दोष	blameless	hindi_irv_dict/blameless.md
न	निर्दोष	innocent	hindi_irv_dict/innocent.md
न	निर्दोष	acquit	hindi_irv_dict/acquit.md
न	निवासस्थान	tabernacle	hindi_irv_dict/tabernacle.md
न	निवासी	citizen	hindi_irv_dict/citizen.md
न	निष्फल	unprofitable	hindi_irv_dict/unprofitable.md
न	नींद	sleep	hindi_irv_dict/sleep.md
न	नीतिवचन	proverb	hindi_irv_dict/proverb.md
न	नीनवे	nineveh	hindi_irv_dict/nineveh.md
न	नील नदी	nileriver	hindi_irv_dict/nileriver.md
न	नूह	noah	hindi_irv_dict/noah.md
न	नोप	memphis	hindi_irv_dict/memphis.md
न	न्यायाधीश	magistrate	hindi_irv_dict/magistrate.md
न	न्यायी	judgeposition	hindi_irv_dict/judgeposition.md
न	न्यायी	judge	hindi_irv_dict/judge.md
न	नड़ सागर	redsea	hindi_irv_dict/redsea.md
प	पकड़वाना	betray	hindi_irv_dict/betray.md
प	पड़ोसी	neighbor	hindi_irv_dict/neighbor.md
प	पण्डुकी	dove	hindi_irv_dict/dove.md
प	पतरस	peter	hindi_irv_dict/peter.md
प	पत्थर	stone	hindi_irv_dict/stone.md
प	पत्री	letter	hindi_irv_dict/letter.md
प	पद्दनराम	paddanaram	hindi_irv_dict/paddanaram.md
प	परदा	veil	hindi_irv_dict/veil.md
प	परदा	curtain	hindi_irv_dict/curtain.md
प	परदेशी	foreigner	hindi_irv_dict/foreigner.md
प	परमप्रधान	mosthigh	hindi_irv_dict/mosthigh.md
प	परमेश्वर	god	hindi_irv_dict/god.md
प	परमेश्वर का जन	manofgod	hindi_irv_dict/manofgod.md
प	परमेश्वर का पुत्र	sonofgod	hindi_irv_dict/sonofgod.md
प	परमेश्वर का प्रतिरूप	imageofgod	hindi_irv_dict/imageofgod.md
प	परमेश्वर का राज्य	kingdomofgod	hindi_irv_dict/kingdomofgod.md
प	परमेश्वर की इच्छा	willofgod	hindi_irv_dict/willofgod.md
प	परमेश्वर की प्रजा	peopleofgod	hindi_irv_dict/peopleofgod.md
प	परमेश्वर की सन्तान	sonsofgod	hindi_irv_dict/sonsofgod.md
प	परमेश्वर के भवन	houseofgod	hindi_irv_dict/houseofgod.md
प	परमेश्वर के वचन	wordofgod	hindi_irv_dict/wordofgod.md
प	परमेश्वर पिता	godthefather	hindi_irv_dict/godthefather.md
प	परम्परा	tradition	hindi_irv_dict/tradition.md
प	परिज्जी	perizzite	hindi_irv_dict/perizzite.md
प	परित्याग	reject	hindi_irv_dict/reject.md
प	परिवार	family	hindi_irv_dict/family.md
प	परिश्रम	labor	hindi_irv_dict/labor.md
प	परीक्षा करने	tempt	hindi_irv_dict/tempt.md
प	परीक्षा	trial	hindi_irv_dict/trial.md
प	परीक्षा	test	hindi_irv_dict/test.md
प	पर्व	festival	hindi_irv_dict/festival.md
प	पर्व	feast	hindi_irv_dict/feast.md
प	पलिश्तियों	philistines	hindi_irv_dict/philistines.md
प	पलिश्तीन	philistia	hindi_irv_dict/philistia.md
प	पवित्र	holyone	hindi_irv_dict/holyone.md
प	पवित्र	sacred	hindi_irv_dict/sacred.md
प	पवित्र आत्मा से भर गए	filled	hindi_irv_dict/filled.md
प	पवित्र आत्मा	holyspirit	hindi_irv_dict/holyspirit.md
प	पवित्र करना	sanctify	hindi_irv_dict/sanctify.md
प	पवित्र करना	consecrate	hindi_irv_dict/consecrate.md
प	पवित्र नगर	holycity	hindi_irv_dict/holycity.md
प	पवित्र	holy	hindi_irv_dict/holy.md
प	पवित्रस्थान	holyplace	hindi_irv_dict/holyplace.md
प	पवित्रस्थान	sanctuary	hindi_irv_dict/sanctuary.md
प	पशु	livestock	hindi_irv_dict/livestock.md
प	पशु	beast	hindi_irv_dict/beast.md
प	पहचान	discernment	hindi_irv_dict/discernment.md
प	पहनाना	clothed	hindi_irv_dict/clothed.md
प	पहर(बाइबल का समय)	biblicaltimewatch	hindi_irv_dict/biblicaltimewatch.md
प	पहर	biblicaltimehour	hindi_irv_dict/biblicaltimehour.md
प	पहली उपज	firstfruit	hindi_irv_dict/firstfruit.md
प	पहले से जान लिया	foreordain	hindi_irv_dict/foreordain.md
प	पहले से ठहराना	predestine	hindi_irv_dict/predestine.md
प	पहलौठे	firstborn	hindi_irv_dict/firstborn.md
प	पहिलौठे का अधिकार	birthright	hindi_irv_dict/birthright.md
प	पाँवों की चौकी	footstool	hindi_irv_dict/footstool.md
प	पानी	water	hindi_irv_dict/water.md
प	पाप	sin	hindi_irv_dict/sin.md
प	पापबलि	sinoffering	hindi_irv_dict/sinoffering.md
प	पारान	paran	hindi_irv_dict/paran.md
प	पिघलना	melt	hindi_irv_dict/melt.md
प	पिन्तेकुस्त	pentecost	hindi_irv_dict/pentecost.md
प	पिलातुस	pilate	hindi_irv_dict/pilate.md
प	पिलानेहारा	cupbearer	hindi_irv_dict/cupbearer.md
प	पीढ़ी	generation	hindi_irv_dict/generation.md
प	पीतल	bronze	hindi_irv_dict/bronze.md
प	पीनहास	phinehas	hindi_irv_dict/phinehas.md
प	पीड़ा	anguish	hindi_irv_dict/anguish.md
प	पुकार	cry	hindi_irv_dict/cry.md
प	पुत्र	son	hindi_irv_dict/son.md
प	पुन्तुस	pontus	hindi_irv_dict/pontus.md
प	पुस्तक	scroll	hindi_irv_dict/scroll.md
प	पूछना	inquire	hindi_irv_dict/inquire.md
प	पूरा कर	fulfill	hindi_irv_dict/fulfill.md
प	पृथक करना	setapart	hindi_irv_dict/setapart.md
प	पृथ्वी	earth	hindi_irv_dict/earth.md
प	पोतीपर	potiphar	hindi_irv_dict/potiphar.md
प	पोर	peor	hindi_irv_dict/peor.md
प	पौधे	sow	hindi_irv_dict/sow.md
प	पौलुस	paul	hindi_irv_dict/paul.md
प	प्रकट करना	reveal	hindi_irv_dict/reveal.md
प	प्रकार	kind	hindi_irv_dict/kind.md
प	प्रचार करना	proclaim	hindi_irv_dict/proclaim.md
प	प्रचार करना	preach	hindi_irv_dict/preach.md
प	प्रतिज्ञा का देश	promisedland	hindi_irv_dict/promisedland.md
प	प्रतिज्ञा	promise	hindi_irv_dict/promise.md
प	प्रतिफल	reward	hindi_irv_dict/reward.md
प	प्रतिष्ठित	noble	hindi_irv_dict/noble.md
प	प्रधान याजकों	chiefpriests	hindi_irv_dict/chiefpriests.md
प	प्रधान	chief	hindi_irv_dict/chief.md
प	प्रफुल्लित	exult	hindi_irv_dict/exult.md
प	प्रबंधक  प्रबंधक प्रबंधकों	manager	hindi_irv_dict/manager.md
प	प्रभु	lordgod	hindi_irv_dict/lordgod.md
प	प्रभु का दिन	dayofthelord	hindi_irv_dict/dayofthelord.md
प	प्रभु भोज	lordssupper	hindi_irv_dict/lordssupper.md
प	प्रभु यहोवा	lordyahweh	hindi_irv_dict/lordyahweh.md
प	प्रभु	lord	hindi_irv_dict/lord.md
प	प्रभुता	dominion	hindi_irv_dict/dominion.md
प	प्रशासन	administration	hindi_irv_dict/administration.md
प	प्रसव	laborpains	hindi_irv_dict/laborpains.md
प	प्रांत	province	hindi_irv_dict/province.md
प	प्राचीन	elder	hindi_irv_dict/elder.md
प	प्राण	soul	hindi_irv_dict/soul.md
प	प्राणी	creature	hindi_irv_dict/creature.md
प	प्रायश्चित	propitiation	hindi_irv_dict/propitiation.md
प	प्रायश्चित का ढकना	atonementlid	hindi_irv_dict/atonementlid.md
प	प्रायश्चित	atonement	hindi_irv_dict/atonement.md
प	प्रार्थना कर	pray	hindi_irv_dict/pray.md
प	प्रार्थना किया	intercede	hindi_irv_dict/intercede.md
प	प्रिय	beloved	hindi_irv_dict/beloved.md
प	प्रिस्किल्ला	priscilla	hindi_irv_dict/priscilla.md
प	प्रेम	love	hindi_irv_dict/love.md
प	प्रेमी	lover	hindi_irv_dict/lover.md
प	प्रेरित	apostle	hindi_irv_dict/apostle.md
फ	फंदा	snare	hindi_irv_dict/snare.md
फ	फटकना	winnow	hindi_irv_dict/winnow.md
फ	फरात महानद	euphrates	hindi_irv_dict/euphrates.md
फ	फरीसी	pharisee	hindi_irv_dict/pharisee.md
फ	फल	fruit	hindi_irv_dict/fruit.md
फ	फसह	passover	hindi_irv_dict/passover.md
फ	फ़िरौन	pharaoh	hindi_irv_dict/pharaoh.md
फ	फाटक	gate	hindi_irv_dict/gate.md
फ	फारस	persia	hindi_irv_dict/persia.md
फ	फिलिप्पी	philippi	hindi_irv_dict/philippi.md
फ	फिलिप्पुस	philiptheapostle	hindi_irv_dict/philiptheapostle.md
फ	फिलिप्पुस	philip	hindi_irv_dict/philip.md
फ	फीनीके	phonecia	hindi_irv_dict/phonecia.md
फ	फूल जाना	puffed-up	hindi_irv_dict/puffed-up.md
ब	बँधुआई	exile	hindi_irv_dict/exile.md
ब	बकरा	goat	hindi_irv_dict/goat.md
ब	बचाना	save	hindi_irv_dict/save.md
ब	बचे हुए	remnant	hindi_irv_dict/remnant.md
ब	बच्चे	children	hindi_irv_dict/children.md
ब	बड़ा ठहराएगा	magnify	hindi_irv_dict/magnify.md
ब	बढ़ाएगा	multiply	hindi_irv_dict/multiply.md
ब	बतशेबा	bathsheba	hindi_irv_dict/bathsheba.md
ब	बतूएल	bethuel	hindi_irv_dict/bethuel.md
ब	बदनामी	slander	hindi_irv_dict/slander.md
ब	बदला लेना	avenge	hindi_irv_dict/avenge.md
ब	बना रहेगा	endure	hindi_irv_dict/endure.md
ब	बनायाह	benaiah	hindi_irv_dict/benaiah.md
ब	बन्दी बनाना	seize	hindi_irv_dict/seize.md
ब	बन्दी बनाना	captive	hindi_irv_dict/captive.md
ब	बन्दीगृह	prison	hindi_irv_dict/prison.md
ब	बपतिस्मा देना	baptize	hindi_irv_dict/baptize.md
ब	बबूल	acacia	hindi_irv_dict/acacia.md
ब	बरअब्बा	barabbas	hindi_irv_dict/barabbas.md
ब	बरतुल्मै	bartholomew	hindi_irv_dict/bartholomew.md
ब	बरनबास	barnabas	hindi_irv_dict/barnabas.md
ब	बल	strength	hindi_irv_dict/strength.md
ब	बलवा 	rebel	hindi_irv_dict/rebel.md
ब	बलिदान करना	sacrifice	hindi_irv_dict/sacrifice.md
ब	बहन	sister	hindi_irv_dict/sister.md
ब	बाँधे	gird	hindi_irv_dict/gird.md
ब	बाँसुरी	flute	hindi_irv_dict/flute.md
ब	बांज वृक्ष	oak	hindi_irv_dict/oak.md
ब	बांधना	bond	hindi_irv_dict/bond.md
ब	बाबेल	babel	hindi_irv_dict/babel.md
ब	बाबेल	babylon	hindi_irv_dict/babylon.md
ब	बारहों	thetwelve	hindi_irv_dict/thetwelve.md
ब	बारूक	baruch	hindi_irv_dict/baruch.md
ब	बाल	baal	hindi_irv_dict/baal.md
ब	बालजबूल(शैतान)	beelzebul	hindi_irv_dict/beelzebul.md
ब	बाशा	baasha	hindi_irv_dict/baasha.md
ब	बाशान	bashan	hindi_irv_dict/bashan.md
ब	बिगड़कर	corrupt	hindi_irv_dict/corrupt.md
ब	बिन्यामीन	benjamin	hindi_irv_dict/benjamin.md
ब	बिरीया	berea	hindi_irv_dict/berea.md
ब	बिलाम	balaam	hindi_irv_dict/balaam.md
ब	बीज	seed	hindi_irv_dict/seed.md
ब	बीनने	glean	hindi_irv_dict/glean.md
ब	बुझाना	quench	hindi_irv_dict/quench.md
ब	बुद्धिमान	wise	hindi_irv_dict/wise.md
ब	बुद्धिमानी	prudent	hindi_irv_dict/prudent.md
ब	बुद्धिमानों	wisemen	hindi_irv_dict/wisemen.md
ब	बुराई	evil	hindi_irv_dict/evil.md
ब	बुलाना	call	hindi_irv_dict/call.md
ब	बेतशेमेश	bethshemesh	hindi_irv_dict/bethshemesh.md
ब	बेतेल	bethel	hindi_irv_dict/bethel.md
ब	बेर्शेबा	beersheba	hindi_irv_dict/beersheba.md
ब	बेसुध होकर	trance	hindi_irv_dict/trance.md
ब	बैंगनी	purple	hindi_irv_dict/purple.md
ब	बैतनिय्याह	bethany	hindi_irv_dict/bethany.md
ब	बैतलहम	bethlehem	hindi_irv_dict/bethlehem.md
ब	बोआज़	boaz	hindi_irv_dict/boaz.md
ब	बोझ	burden	hindi_irv_dict/burden.md
भ	भजन	psalm	hindi_irv_dict/psalm.md
भ	भटक	astray	hindi_irv_dict/astray.md
भ	भटकनेवाली	faithless	hindi_irv_dict/faithless.md
भ	भट्ठा	furnace	hindi_irv_dict/furnace.md
भ	भण्डार	storehouse	hindi_irv_dict/storehouse.md
भ	भय	horror	hindi_irv_dict/horror.md
भ	भय	awe	hindi_irv_dict/awe.md
भ	भरोसा	confidence	hindi_irv_dict/confidence.md
भ	भविष्यद्वक्ता	prophet	hindi_irv_dict/prophet.md
भ	भस्म कर देगा	consume	hindi_irv_dict/consume.md
भ	भस्म हो जाएगा	devour	hindi_irv_dict/devour.md
भ	भाई	brother	hindi_irv_dict/brother.md
भ	भाला	spear	hindi_irv_dict/spear.md
भ	भावी कहने	divination	hindi_irv_dict/divination.md
भ	भूसी	chaff	hindi_irv_dict/chaff.md
भ	भेजना	send	hindi_irv_dict/send.md
भ	भेड़-बकरियों	flock	hindi_irv_dict/flock.md
भ	भेद करना	interpret	hindi_irv_dict/interpret.md
भ	भेद	mystery	hindi_irv_dict/mystery.md
भ	भेड़	sheep	hindi_irv_dict/sheep.md
भ	भेड़िया	wolf	hindi_irv_dict/wolf.md
भ	भोज	banquet	hindi_irv_dict/banquet.md
भ	भड़काना	provoke	hindi_irv_dict/provoke.md
म	मकिदुनिया	macedonia	hindi_irv_dict/macedonia.md
म	मछुए	fisherman	hindi_irv_dict/fisherman.md
म	मण्डली	assembly	hindi_irv_dict/assembly.md
म	मतवाले	drunk	hindi_irv_dict/drunk.md
म	मत्ती	matthew	hindi_irv_dict/matthew.md
म	मधु	honey	hindi_irv_dict/honey.md
म	मध्यस्थ	mediator	hindi_irv_dict/mediator.md
म	मन फिराकर	repent	hindi_irv_dict/repent.md
म	मन	mind	hindi_irv_dict/mind.md
म	मनश्शे	manasseh	hindi_irv_dict/manasseh.md
म	मनुष्य का पुत्र	sonofman	hindi_irv_dict/sonofman.md
म	मन्दिर	temple	hindi_irv_dict/temple.md
म	मन्नत	vow	hindi_irv_dict/vow.md
म	मन्ना	manna	hindi_irv_dict/manna.md
म	मरियम (मार्था की बहन)	marysisterofmartha	hindi_irv_dict/marysisterofmartha.md
म	मरियम मगदलीनी	marymagdalene	hindi_irv_dict/marymagdalene.md
म	मरियम	mary	hindi_irv_dict/mary.md
म	मरी	plague	hindi_irv_dict/plague.md
म	मरे	death	hindi_irv_dict/death.md
म	मलाकी	malachi	hindi_irv_dict/malachi.md
म	मसीह का विरोधी	antichrist	hindi_irv_dict/antichrist.md
म	मसीह में	inchrist	hindi_irv_dict/inchrist.md
म	मसीह	christ	hindi_irv_dict/christ.md
म	मसीही	christian	hindi_irv_dict/christian.md
म	महल	palace	hindi_irv_dict/palace.md
म	महामहिमन्	majesty	hindi_irv_dict/majesty.md
म	महायाजक	highpriest	hindi_irv_dict/highpriest.md
म	महासभा	council	hindi_irv_dict/council.md
म	महिमा करे	glorify	hindi_irv_dict/glorify.md
म	महिमा	glory	hindi_irv_dict/glory.md
म	महीने	biblicaltimemonth	hindi_irv_dict/biblicaltimemonth.md
म	माँस	flesh	hindi_irv_dict/flesh.md
म	माका	maacah	hindi_irv_dict/maacah.md
म	मादियों	mede	hindi_irv_dict/mede.md
म	मान लेगा	confess	hindi_irv_dict/confess.md
म	मानना	acknowledge	hindi_irv_dict/acknowledge.md
म	मार्था	martha	hindi_irv_dict/martha.md
म	मिटा दे	blotout	hindi_irv_dict/blotout.md
म	मिट्टी देना	bury	hindi_irv_dict/bury.md
म	मिद्यान	midian	hindi_irv_dict/midian.md
म	मिर्याम	miriam	hindi_irv_dict/miriam.md
म	मिला	foundation	hindi_irv_dict/foundation.md
म	मिलापवाला तम्बू	tentofmeeting	hindi_irv_dict/tentofmeeting.md
म	मिस्पा	mizpah	hindi_irv_dict/mizpah.md
म	मिस्र	egypt	hindi_irv_dict/egypt.md
म	मीका	micah	hindi_irv_dict/micah.md
म	मीकाएल	michael	hindi_irv_dict/michael.md
म	मीशाएल	mishael	hindi_irv_dict/mishael.md
म	मुँह	face	hindi_irv_dict/face.md
म	मुकुट	crown	hindi_irv_dict/crown.md
म	मुहर	seal	hindi_irv_dict/seal.md
म	मुड़	turn	hindi_irv_dict/turn.md
म	मूरत	image	hindi_irv_dict/image.md
म	मूर्ख	foolish	hindi_irv_dict/foolish.md
म	मूर्ति	idol	hindi_irv_dict/idol.md
म	मूलपिता	father	hindi_irv_dict/father.md
म	मूसा	moses	hindi_irv_dict/moses.md
म	मेढ़ों और समुद्री गाय	seacow	hindi_irv_dict/seacow.md
म	मेम्ना	lamb	hindi_irv_dict/lamb.md
म	मेल करना	reconcile	hindi_irv_dict/reconcile.md
म	मेलबलि	fellowshipoffering	hindi_irv_dict/fellowshipoffering.md
म	मेलबलि	peaceoffering	hindi_irv_dict/peaceoffering.md
म	मेलिकिसिदक	melchizedek	hindi_irv_dict/melchizedek.md
म	मेशेक	meshech	hindi_irv_dict/meshech.md
म	मेसोपोटामिया	mesopotamia	hindi_irv_dict/mesopotamia.md
म	मोआब	moab	hindi_irv_dict/moab.md
म	मोर्दकै	mordecai	hindi_irv_dict/mordecai.md
म	मोलेक	molech	hindi_irv_dict/molech.md
य	यबूस	jebusites	hindi_irv_dict/jebusites.md
य	यरदन नदी	jordanriver	hindi_irv_dict/jordanriver.md
य	यरीहो	jericho	hindi_irv_dict/jericho.md
य	यरूशलेम	jerusalem	hindi_irv_dict/jerusalem.md
य	यशायाह	isaiah	hindi_irv_dict/isaiah.md
य	यहूदा	judah	hindi_irv_dict/judah.md
य	यहूदा इस्करियोती	judasiscariot	hindi_irv_dict/judasiscariot.md
य	यहूदा	kingdomofjudah	hindi_irv_dict/kingdomofjudah.md
य	यहूदिया	judea	hindi_irv_dict/judea.md
य	यहूदियों का राजा	kingofthejews	hindi_irv_dict/kingofthejews.md
य	यहूदियों	jewishleaders	hindi_irv_dict/jewishleaders.md
य	यहूदी धर्म	judaism	hindi_irv_dict/judaism.md
य	यहूदी	jew	hindi_irv_dict/jew.md
य	यहेजकेल	ezekiel	hindi_irv_dict/ezekiel.md
य	यहोयाकीन	jehoiachin	hindi_irv_dict/jehoiachin.md
य	यहोयाकीम	jehoiakim	hindi_irv_dict/jehoiakim.md
य	यहोयादा	jehoiada	hindi_irv_dict/jehoiada.md
य	यहोराम	jehoram	hindi_irv_dict/jehoram.md
य	यहोवा	yahweh	hindi_irv_dict/yahweh.md
य	यहोशापात	jehoshaphat	hindi_irv_dict/jehoshaphat.md
य	यहोशू	joshua	hindi_irv_dict/joshua.md
य	याकूब (जब्दी का पुत्र)	jamessonofzebedee	hindi_irv_dict/jamessonofzebedee.md
य	याकूब (यीशु का भाई)	jamesbrotherofjesus	hindi_irv_dict/jamesbrotherofjesus.md
य	याकूब का पुत्र यहूदा	judassonofjames	hindi_irv_dict/judassonofjames.md
य	याकूब(हलफईस का पुत्र)	jamessonofalphaeus	hindi_irv_dict/jamessonofalphaeus.md
य	याजक	priest	hindi_irv_dict/priest.md
य	याफा	joppa	hindi_irv_dict/joppa.md
य	यारोबाम	jeroboam	hindi_irv_dict/jeroboam.md
य	यिज्रैल	jezreel	hindi_irv_dict/jezreel.md
य	यित्रो	jethro	hindi_irv_dict/jethro.md
य	यिप्तह	jephthah	hindi_irv_dict/jephthah.md
य	यिर्मयाह	jeremiah	hindi_irv_dict/jeremiah.md
य	यिशै	jesse	hindi_irv_dict/jesse.md
य	यीशु	jesus	hindi_irv_dict/jesus.md
य	यूनान	greece	hindi_irv_dict/greece.md
य	यूनानी	greek	hindi_irv_dict/greek.md
य	यूसुफ (नया नियम)	josephnt	hindi_irv_dict/josephnt.md
य	यूसुफ (पुराना नियम)	josephot	hindi_irv_dict/josephot.md
य	यूहन्ना (प्रेरित)	johntheapostle	hindi_irv_dict/johntheapostle.md
य	यूहन्ना (बपतिस्मा देनेवाला)	johnthebaptist	hindi_irv_dict/johnthebaptist.md
य	यूहन्ना मरकुस	johnmark	hindi_irv_dict/johnmark.md
य	येपेत	japheth	hindi_irv_dict/japheth.md
य	येहू	jehu	hindi_irv_dict/jehu.md
य	योआब	joab	hindi_irv_dict/joab.md
य	योआश	joash	hindi_irv_dict/joash.md
य	योएल	joel	hindi_irv_dict/joel.md
य	योग्य करना	qualify	hindi_irv_dict/qualify.md
य	योग्य	worthy	hindi_irv_dict/worthy.md
य	योताम	jotham	hindi_irv_dict/jotham.md
य	योना	jonah	hindi_irv_dict/jonah.md
य	योनातान	jonathan	hindi_irv_dict/jonathan.md
य	योराम	joram	hindi_irv_dict/joram.md
य	योशिय्याह	josiah	hindi_irv_dict/josiah.md
र	रखवाला	pastor	hindi_irv_dict/pastor.md
र	रखैल	concubine	hindi_irv_dict/concubine.md
र	रथ	chariot	hindi_irv_dict/chariot.md
र	रपाई	giant	hindi_irv_dict/giant.md
र	रब्बा	rabbah	hindi_irv_dict/rabbah.md
र	रब्बी	rabbi	hindi_irv_dict/rabbi.md
र	रहूबियाम	rehoboam	hindi_irv_dict/rehoboam.md
र	राख	ash	hindi_irv_dict/ash.md
र	राज करना	reign	hindi_irv_dict/reign.md
र	राजकीय	royal	hindi_irv_dict/royal.md
र	राजकुमार	prince	hindi_irv_dict/prince.md
र	राजदण्ड	scepter	hindi_irv_dict/scepter.md
र	राजा	king	hindi_irv_dict/king.md
र	राज्य	kingdom	hindi_irv_dict/kingdom.md
र	रानी	queen	hindi_irv_dict/queen.md
र	रामाह	ramah	hindi_irv_dict/ramah.md
र	रामोत	ramoth	hindi_irv_dict/ramoth.md
र	राहाब	rahab	hindi_irv_dict/rahab.md
र	राहेल	rachel	hindi_irv_dict/rachel.md
र	रिबका	rebekah	hindi_irv_dict/rebekah.md
र	रिम्मोन	rimmon	hindi_irv_dict/rimmon.md
र	रीछ	bearanimal	hindi_irv_dict/bearanimal.md
र	रूत	ruth	hindi_irv_dict/ruth.md
र	रूबेन	reuben	hindi_irv_dict/reuben.md
र	रेहन	pledge	hindi_irv_dict/pledge.md
र	रोटी	bread	hindi_irv_dict/bread.md
र	रोम	rome	hindi_irv_dict/rome.md
र	रौंदे	trample	hindi_irv_dict/trample.md
ल	लज्जित करना	humiliate	hindi_irv_dict/humiliate.md
ल	लटका हुआ	hang	hindi_irv_dict/hang.md
ल	लबानोन	lebanon	hindi_irv_dict/lebanon.md
ल	लवनी	reap	hindi_irv_dict/reap.md
ल	लहू	blood	hindi_irv_dict/blood.md
ल	लहू बहाना	bloodshed	hindi_irv_dict/bloodshed.md
ल	लाठी	rod	hindi_irv_dict/rod.md
ल	लाठी	staff	hindi_irv_dict/staff.md
ल	लाबान	laban	hindi_irv_dict/laban.md
ल	लाभ	profit	hindi_irv_dict/profit.md
ल	लालच	lust	hindi_irv_dict/lust.md
ल	लाज़र	lazarus	hindi_irv_dict/lazarus.md
ल	लिआ:	leah	hindi_irv_dict/leah.md
ल	लिखा गया	written	hindi_irv_dict/written.md
ल	लिव्यातान	leviathan	hindi_irv_dict/leviathan.md
ल	लुस्त्रा	lystra	hindi_irv_dict/lystra.md
ल	लूका	luke	hindi_irv_dict/luke.md
ल	लूत	lot	hindi_irv_dict/lot.md
ल	लेपालक	adoption	hindi_irv_dict/adoption.md
ल	लेमेक	lamech	hindi_irv_dict/lamech.md
ल	लेवी	levite	hindi_irv_dict/levite.md
ल	लोबान	frankincense	hindi_irv_dict/frankincense.md
ल	लौट आना	return	hindi_irv_dict/return.md
व	वंश	offspring	hindi_irv_dict/offspring.md
व	वचन	word	hindi_irv_dict/word.md
व	वध करना	slaughter	hindi_irv_dict/slaughter.md
व	वर्णन	declare	hindi_irv_dict/declare.md
व	वर्ष	biblicaltimeyear	hindi_irv_dict/biblicaltimeyear.md
व	वशती	vashti	hindi_irv_dict/vashti.md
व	वाचा का सन्दूक	arkofthecovenant	hindi_irv_dict/arkofthecovenant.md
व	वाचा	covenant	hindi_irv_dict/covenant.md
व	विधि	statute	hindi_irv_dict/statute.md
व	विधि	ordinance	hindi_irv_dict/ordinance.md
व	विनती	beg	hindi_irv_dict/beg.md
व	विरोधी	adversary	hindi_irv_dict/adversary.md
व	विलाप	lament	hindi_irv_dict/lament.md
व	विवेक	conscience	hindi_irv_dict/conscience.md
व	विश्राम करना	rest	hindi_irv_dict/rest.md
व	विश्वास	faith	hindi_irv_dict/faith.md
व	विश्वास	trust	hindi_irv_dict/trust.md
व	विश्वास	believe	hindi_irv_dict/believe.md
व	विश्वासघाती	unfaithful	hindi_irv_dict/unfaithful.md
व	विश्वासयोग्य	faithful	hindi_irv_dict/faithful.md
व	विश्वासी	believer	hindi_irv_dict/believer.md
व	वीणा	lute	hindi_irv_dict/lute.md
व	वीणा	harp	hindi_irv_dict/harp.md
व	वेदी	altar	hindi_irv_dict/altar.md
व	वैभव	splendor	hindi_irv_dict/splendor.md
व	वैश्या	prostitute	hindi_irv_dict/prostitute.md
व	व्यभिचार	fornication	hindi_irv_dict/fornication.md
व	व्यभिचार	adultery	hindi_irv_dict/adultery.md
व	व्यर्थ	vain	hindi_irv_dict/vain.md
व	व्यवस्था	lawofmoses	hindi_irv_dict/lawofmoses.md
व	व्यवस्था	law	hindi_irv_dict/law.md
व	व्याकुल	alarm	hindi_irv_dict/alarm.md
श	शपथ	oath	hindi_irv_dict/oath.md
श	शब्द	voice	hindi_irv_dict/voice.md
श	शमूएल	samuel	hindi_irv_dict/samuel.md
श	शमौन	simeon	hindi_irv_dict/simeon.md
श	शमौन कनानी	simonthezealot	hindi_irv_dict/simonthezealot.md
श	शरण	refuge	hindi_irv_dict/refuge.md
श	शाऊल (पुराना नियम)	saul	hindi_irv_dict/saul.md
श	शान्ति	peace	hindi_irv_dict/peace.md
श	शान्ति	comfort	hindi_irv_dict/comfort.md
श	शारोन	sharon	hindi_irv_dict/sharon.md
श	शासन करना	governor	hindi_irv_dict/governor.md
श	शासन	ruler	hindi_irv_dict/ruler.md
श	शास्त्री	scribe	hindi_irv_dict/scribe.md
श	शिनार	shinar	hindi_irv_dict/shinar.md
श	शिमशोन	samson	hindi_irv_dict/samson.md
श	शिमी	shimei	hindi_irv_dict/shimei.md
श	शीबा	sheba	hindi_irv_dict/sheba.md
श	शीलो	shiloh	hindi_irv_dict/shiloh.md
श	शुद्ध	clean	hindi_irv_dict/clean.md
श	शुद्ध	purify	hindi_irv_dict/purify.md
श	शुभ समाचार	goodnews	hindi_irv_dict/goodnews.md
श	शेकेम	shechem	hindi_irv_dict/shechem.md
श	शेत	seth	hindi_irv_dict/seth.md
श	शेम	shem	hindi_irv_dict/shem.md
श	शैतान	satan	hindi_irv_dict/satan.md
श	शोक करना	mourn	hindi_irv_dict/mourn.md
श	श्रद्धा	reverence	hindi_irv_dict/reverence.md
श	श्राप	curse	hindi_irv_dict/curse.md
श	श्वांस	breath	hindi_irv_dict/breath.md
स	संत	saint	hindi_irv_dict/saint.md
स	संयम	selfcontrol	hindi_irv_dict/selfcontrol.md
स	संसार	world	hindi_irv_dict/world.md
स	सच्चा	justice	hindi_irv_dict/justice.md
स	सच्चा	true	hindi_irv_dict/true.md
स	सताएँ	persecute	hindi_irv_dict/persecute.md
स	सत्य का वचन	wordoftruth	hindi_irv_dict/wordoftruth.md
स	सत्यानाश	waste	hindi_irv_dict/waste.md
स	सदूकी	sadducee	hindi_irv_dict/sadducee.md
स	सदोम	sodom	hindi_irv_dict/sodom.md
स	सनातन	eternity	hindi_irv_dict/eternity.md
स	सनौबर	cypress	hindi_irv_dict/cypress.md
स	सनौबर	fir	hindi_irv_dict/fir.md
स	सन्हेरीब	sennacherib	hindi_irv_dict/sennacherib.md
स	सपन्याह	zephaniah	hindi_irv_dict/zephaniah.md
स	सप्ताह	biblicaltimeweek	hindi_irv_dict/biblicaltimeweek.md
स	सब्त	sabbath	hindi_irv_dict/sabbath.md
स	समझना	understand	hindi_irv_dict/understand.md
स	समझा	exhort	hindi_irv_dict/exhort.md
स	समय	time	hindi_irv_dict/time.md
स	समर्पण करे	dedicate	hindi_irv_dict/dedicate.md
स	समाचार	report	hindi_irv_dict/report.md
स	समुद्र	mediterranean	hindi_irv_dict/mediterranean.md
स	समृद्ध होना	prosper	hindi_irv_dict/prosper.md
स	सम्मति	counselor	hindi_irv_dict/counselor.md
स	सर्प	serpent	hindi_irv_dict/serpent.md
स	सर्वदा	forever	hindi_irv_dict/forever.md
स	सर्वशक्तिमान	almighty	hindi_irv_dict/almighty.md
स	सवार	horsemen	hindi_irv_dict/horsemen.md
स	सहना	bear	hindi_irv_dict/bear.md
स	सहभागिता	fellowship	hindi_irv_dict/fellowship.md
स	साइप्रस	cyprus	hindi_irv_dict/cyprus.md
स	साक्षी	witness	hindi_irv_dict/witness.md
स	साथी	companion	hindi_irv_dict/companion.md
स	सादोक	zadok	hindi_irv_dict/zadok.md
स	सामरिया	samaria	hindi_irv_dict/samaria.md
स	सामर्थ्य	power	hindi_irv_dict/power.md
स	सामर्थ्य	mighty	hindi_irv_dict/mighty.md
स	सारा	sarah	hindi_irv_dict/sarah.md
स	सिंहासन	throne	hindi_irv_dict/throne.md
स	सिंहों	lion	hindi_irv_dict/lion.md
स	सिखाना	teach	hindi_irv_dict/teach.md
स	सिदकिय्याह	zedekiah	hindi_irv_dict/zedekiah.md
स	सिद्ध	perfect	hindi_irv_dict/perfect.md
स	सिय्योन की बेटी	daughterofzion	hindi_irv_dict/daughterofzion.md
स	सिय्योन	zion	hindi_irv_dict/zion.md
स	सिर	head	hindi_irv_dict/head.md
स	सींग	horn	hindi_irv_dict/horn.md
स	सीदोन	sidon	hindi_irv_dict/sidon.md
स	सीधे	upright	hindi_irv_dict/upright.md
स	सीनै	sinai	hindi_irv_dict/sinai.md
स	सीरिया	syria	hindi_irv_dict/syria.md
स	सीलास	silas	hindi_irv_dict/silas.md
स	सुक्कोत	succoth	hindi_irv_dict/succoth.md
स	सुलैमान	solomon	hindi_irv_dict/solomon.md
स	सुसमाचार प्रचारक	evangelism	hindi_irv_dict/evangelism.md
स	सूअर	pig	hindi_irv_dict/pig.md
स	सूबेदार	centurion	hindi_irv_dict/centurion.md
स	सृजनहार	maker	hindi_irv_dict/maker.md
स	सेनाओं के यहोवा	yahwehofhosts	hindi_irv_dict/yahwehofhosts.md
स	सेनापति	commander	hindi_irv_dict/commander.md
स	सेला	selah	hindi_irv_dict/selah.md
स	सेवक	deacon	hindi_irv_dict/deacon.md
स	सेवा करना	servant	hindi_irv_dict/servant.md
स	सेवा करना	enslave	hindi_irv_dict/enslave.md
स	सेवा करना	minister	hindi_irv_dict/minister.md
स	सेवा करना	serve	hindi_irv_dict/serve.md
स	सैनिक	warrior	hindi_irv_dict/warrior.md
स	सोअर	zoar	hindi_irv_dict/zoar.md
स	सोता	fountain	hindi_irv_dict/fountain.md
स	सोना	gold	hindi_irv_dict/gold.md
स	सोर	tyre	hindi_irv_dict/tyre.md
स	स्तंभ	pillar	hindi_irv_dict/pillar.md
स	स्तिफनुस	stephen	hindi_irv_dict/stephen.md
स	स्तुति	praise	hindi_irv_dict/praise.md
स	स्मरण दिलानेवाले	memorialoffering	hindi_irv_dict/memorialoffering.md
स	स्वतंत्र	free	hindi_irv_dict/free.md
स	स्वप्न	dream	hindi_irv_dict/dream.md
स	स्वर्ग	heaven	hindi_irv_dict/heaven.md
स	स्वर्गदूत	angel	hindi_irv_dict/angel.md
स	स्वेच्छाबलि	freewilloffering	hindi_irv_dict/freewilloffering.md
ह	हठीले	stiffnecked	hindi_irv_dict/stiffnecked.md
ह	हथियार	armor	hindi_irv_dict/armor.md
ह	हनन्याह	hananiah	hindi_irv_dict/hananiah.md
ह	हनोक	enoch	hindi_irv_dict/enoch.md
ह	हन्ना	annas	hindi_irv_dict/annas.md
ह	हन्ना	hannah	hindi_irv_dict/hannah.md
ह	हबक्कूक	habakkuk	hindi_irv_dict/habakkuk.md
ह	हल	plow	hindi_irv_dict/plow.md
ह	हव्वा	eve	hindi_irv_dict/eve.md
ह	हाग्गै	haggai	hindi_irv_dict/haggai.md
ह	हाजिरा	hagar	hindi_irv_dict/hagar.md
ह	हाथ	hand	hindi_irv_dict/hand.md
ह	हाबिल	abel	hindi_irv_dict/abel.md
ह	हाम	ham	hindi_irv_dict/ham.md
ह	हामात	hamath	hindi_irv_dict/hamath.md
ह	हामोर	hamor	hindi_irv_dict/hamor.md
ह	हाय	woe	hindi_irv_dict/woe.md
ह	हारान	haran	hindi_irv_dict/haran.md
ह	हारून	aaron	hindi_irv_dict/aaron.md
ह	हिजकिय्याह	hezekiah	hindi_irv_dict/hezekiah.md
ह	हित्ती	hittite	hindi_irv_dict/hittite.md
ह	हिम	snow	hindi_irv_dict/snow.md
ह	हियाव	courage	hindi_irv_dict/courage.md
ह	हिरन	deer	hindi_irv_dict/deer.md
ह	हिल्किय्याह	hilkiah	hindi_irv_dict/hilkiah.md
ह	हिव्वी	hivite	hindi_irv_dict/hivite.md
ह	हृदय	heart	hindi_irv_dict/heart.md
ह	हेब्रोन	hebron	hindi_irv_dict/hebron.md
ह	हेरोदियास	herodias	hindi_irv_dict/herodias.md
ह	हेरोदेस अन्तिपास	herodantipas	hindi_irv_dict/herodantipas.md
ह	हेरोदेस महान	herodthegreat	hindi_irv_dict/herodthegreat.md
ह	हेर्मोन पर्वत	mounthermon	hindi_irv_dict/mounthermon.md
ह	होमबलि	burntoffering	hindi_irv_dict/burntoffering.md
ह	होरेब	horeb	hindi_irv_dict/horeb.md
ह	होशे	hosea	hindi_irv_dict/hosea.md
ह	होशे	hoshea	hindi_irv_dict/hoshea.md
